{
  "version": 1,
  "author": "FELIX RODRÍGUEZ GUEVARA",
  "editor": "wokwi",
  "parts": [
    { "type": "wokwi-arduino-uno", "id": "uno", "top": 0, "left": 0, "attrs": {} },
    {
      "type": "board-ssd1306",
      "id": "oled1",
      "top": 233.54,
      "left": 125.03,
      "attrs": { "i2cAddress": "0x3c" }
    }
  ],
  "connections": [
    [ "oled1:GND", "uno:GND.2", "black", [ "v-28.8", "h9.6" ] ],
    [ "oled1:VCC", "uno:5V", "red", [ "v-19.2", "h-19.05" ] ],
    [ "oled1:SCL", "uno:A5", "gold", [ "v-28.8", "h77.1" ] ],
    [ "oled1:SDA", "uno:A4", "violet", [ "v-19.2", "h48.07" ] ]
  ],
  "dependencies": {}
}