{
  "version": 1,
  "author": "FELIX RODRÍGUEZ GUEVARA",
  "editor": "wokwi",
  "parts": [
    { "type": "wokwi-arduino-uno", "id": "uno1", "top": -90.94, "left": -148.53, "attrs": {} },
    {
      "type": "board-ssd1306",
      "id": "oled1",
      "top": 142,
      "left": -22.9,
      "attrs": { "i2cAddress": "0x3c" }
    }
  ],
  "connections": [
    [ "oled1:GND", "uno1:GND.2", "black", [ "v-28.8", "h9.6" ] ],
    [ "oled1:VCC", "uno1:5V", "red", [ "v-19.2", "h-19.05" ] ],
    [ "oled1:SCL", "uno1:A5", "gold", [ "v-28.8", "h77.1" ] ],
    [ "oled1:SDA", "uno1:A4", "violet", [ "v-19.2", "h48.07" ] ]
  ],
  "dependencies": {}
}